id,fecha,hora,titulo,descripcion,categoria,lugar
1,2019-01-06,19:00:00,CAMPAÑA INMIGRACION SI. CICLO CINE INMIGRANTES EN FOCO,PERSEPOLIS DE MARJANE STRAPI Y VINCEN PARONNAUD,FUNCION,CENTRO CULTURAL RECOLETA
2,2019-01-06,21:00:00,CINE RECOLETA + RADAR,RECCOLETA VERGEL DE CRIS NIKLISON + CORTO RADAR: LA FABRICA DE JOEL CORTINA SUAREZ,FUNCION,CENTRO CULTURAL RECOLETA
3,2019-01-07,20:30:00,CINE RECOLETA + CORTORADAR,CINE RECOLETA: LOS CORROBORADORES DE LUIS BERNARDEZ | CORTO RADAR: LOS LOCOS NO SE OCULTAN DE FRANCISCO BOUZAS,FUNCION,CENTRO CULTURAL RECOLETA
4,2019-01-07,13:30:00,DOMA,CONTINUA LA 1° GRAN MUESTRA ANUAL DEL COLECTIVO DOMA. HASTA EL 12 DE SEPTIEMBRE,EXPOSICION,CENTRO CULTURAL RECOLETA
5,2019-01-07,13:30:00,CAMPAÑA FUEGO AMIGO,APERTURA FACHADA CENTRO CULTURAL RECOLETA,EXPOSICION,CENTRO CULTURAL RECOLETA
6,2019-01-07,13:30:00,MUESTRA RADAR,ESTACION ESPACIAL HAWAII DE JUAN VEGETAL / OXIDADO DE NAZARENO PEREYRA. HASTA EL 29 DE JULIO,EXPOSICION,CENTRO CULTURAL RECOLETA
7,2019-01-07,13:30:00,MUESTRA RADAR,TACO DE OJO: LATINO TOONS. CURADORES: ERNAN CIRIANNI Y NAVA. HASTA EL 29 DE JULIO,EXPOSICION,CENTRO CULTURAL RECOLETA
8,2019-01-07,13:30:00,CAMPAÑA INMIGRANTES,CIERRE MUESTRA INMIGRANTES,EXPOSICION,CENTRO CULTURAL RECOLETA
9,2019-01-07,15:00:00,CLAVE 13/17,CLAVETOPIA. LOS JUEGOS DE CLAVE + RECITAL INEDITO CLAVE. JULIETA GIBERT + RECITAL DE AMIGOS CLAVE. MARIA Y MIRANDA + KARAOKE ENTRE AMIGOS CLAVE. CONDUCE NCO ZUVIRIA,CICLO,CENTRO CULTURAL RECOLETA
10,2019-02-06,21:00:00,ASUNTOS QUE QUEMAN,ENSAYO ESCENICO DIGITAL DE JIMENA PEREZ SALERNO,FUNCION,CENTRO CULTURAL RECOLETA
11,2019-02-06,17:00:00,VOY Y VUELVO,TALLER DE HISTORIETA IMPARTIDO POR EL GRUPO LA WATSON,FORMACION,CENTRO CULTURAL RECOLETA
12,2019-02-06,15:00:00,CULTURA HIP HOP /FDL,BREAKIN GOLD KIDS 1 VS 1 CON JURADOS INVITADOS + CLASE Y CHARLA CON VICTORIN ROCK - ARGENROCKERS.,ENCUENTRO,CENTRO CULTURAL RECOLETA
13,2019-02-06,15:00:00,CULTURA HIP HOP /FDL,BREAKIN GOLD KIDS 1 VS 1 CON JURADOS INVITADOS + CLASE Y CHARLA CON VICTORIN ROCK - ARGENROCKERS.,ENCUENTRO,CENTRO CULTURAL RECOLETA
14,2019-03-01,20:00:00,CINE MUJERES DE PELICULA,CEMENTERIO DE ANIMALES DE MARY LAMBERT. CURADORAS: EL CLUB DE LAS CINCO,FUNCION,CENTRO CULTURAL RECOLETA
15,2019-03-01,19:00:00,"DULCE PAJARO DE JUVENTUD, DE TENNESSEE WILLIAMS","DULCE PAJARO DE JUVENTUD DE TENNESSEE WILLIAMS Y DIRIGIDA POR OSCAR BARNEY FINN. CON LAS ACTUACIONES DE BEATRIZ SPELZINI, SERGIO SURRACO, CARLOS KASPAR, MALENA FIGO, VICTORIO D'ALESSANDRO, PABLO MARIUZZI, MABY SALERNO, PABLO FLORES MAINI, GASTON ARES, SEBASTIAN DARTAYETTE; Y PABLO VIOTTI EN EL PIANO.",FUNCION,CENTRO CULTURAL 25 DE MAYO
16,2019-03-02,21:00:00,CINE,"UNA AVENTURA SIMPLE (62´) DE IGNACIO CEROI Y CATCH, EL OCASO DE LOS IDOLOS (9´) DE FELIPE BOZZANI",FUNCION,CENTRO CULTURAL RECOLETA
17,2019-03-02,19:00:00,TEATRO: LAS CHICAS SE RIEN,BIMBO GODOY. CURADORA: MALENA GUINZBURG,FUNCION,CENTRO CULTURAL RECOLETA
18,2019-03-02,19:00:00,"DULCE PAJARO DE JUVENTUD, DE TENNESSEE WILLIAMS","DULCE PAJARO DE JUVENTUD DE TENNESSEE WILLIAMS Y DIRIGIDA POR OSCAR BARNEY FINN. CON LAS ACTUACIONES DE BEATRIZ SPELZINI, SERGIO SURRACO, CARLOS KASPAR, MALENA FIGO, VICTORIO D'ALESSANDRO, PABLO MARIUZZI, MABY SALERNO, PABLO FLORES MAINI, GASTON ARES, SEBASTIAN DARTAYETTE; Y PABLO VIOTTI EN EL PIANO.",FUNCION,CENTRO CULTURAL 25 DE MAYO
19,2019-03-03,20:00:00,CINE,"ESTILO LIBRE (65’) DE JAVIER ZEVALLOS Y JUAN ZEVALLOS. CATCH, EL OCASO DE LOS IDOLOS (9’) DE FELIPE BOZZANI",FUNCION,CENTRO CULTURAL RECOLETA
20,2019-03-03,19:30:00,RECITAL CHICAS DE FUEGO.,CURADORA: ALBINA CABRERA. MUSICA: PRISCILA BERMUDAS + MORA RIEL + DJ MALEN DENIS. 1,CONCIERTO,CENTRO CULTURAL RECOLETA
21,2019-03-03,16:30:00,HIP HOP FDL,"ENTRENAMIENTOS, BATALLAS, EXHIBICIONES",CICLO,CANCHA DE LOS PARAGUAYOS
22,2019-03-04,19:00:00,CINE,"SOLDADO (73’) DE MANUEL ABRAMOVICH. CATCH, EL OCASO DE LOS IDOLOS (9’) DE FELIPE BOZZANI",FUNCION,CENTRO CULTURAL RECOLETA
23,2019-03-06,17:00:00,DIOS,REESTRENO DE LA OBRA DIOS DE LISANDRO RODRIGUEZ,FUNCION,CENTRO CULTURAL RECOLETA
24,2019-03-06,20:30:00,CINE RECOLETA + RADAR,RECCOLETA ESTOY ACA (MANGUI FI) DE ESTEBAN TABACZNIK Y JUAN MANUEL BRAMUGLIA + CORTO RADAR: LA FABRICA DE JOEL CORTINA SUAREZ,FUNCION,CENTRO CULTURAL RECOLETA
25,2019-03-06,15:00:00,DOMINGO CLAVE 13/17,"LECTURAS CLAVE CON ANDRES GIL, + RECITAL CLAVE. IVAN PERERA Y JUAN CESPEDES + CONCIERTAZO CON JUAN PACCA Y NAHUEL BAZAN + VISUALIDADES SOBRE LA INMIGRACION. MUESTRA DE LOS SELECCIONADOS DEL FESTIVAL CLAVE 2017",ENCUENTRO,CENTRO CULTURAL RECOLETA
26,2019-03-06,19:30:00,CAMPAÑA INMIGRACION SI. CICLO DE BAILANDO POR EL MUNDO,CARINHOSOS DA GARRAFA,FIESTA POPULAR,CENTRO CULTURAL RECOLETA
27,2019-03-07,20:00:00,RECITAL RADAR,PAULA MAFFIA & SONS + MIAU TRIO.,CONCIERTO,CENTRO CULTURAL RECOLETA
28,2019-03-07,16:00:00,PRESENTACION DE LIBRO: RUTA CRITICA,A CARGO DEL AREA DE LA MUJER DE LA COMUNA 14. MIERCOLES 7 DE MARZO A LAS 16.00. ENTRADA GRATUITA. CUPOS LIMITADOS,FUNCION,MUSEO JOSE HERNANDEZ
29,2019-03-08,20:00:00,CINE MUJERES DE PELICULA,QUISIERA SER GRANDE DE PENNY MARSHALL. CURADORAS: EL CLUB DE LAS CINCO.,FUNCION,CENTRO CULTURAL RECOLETA
30,2019-03-08,20:00:00,LITERATURA RADAR,PERFORMATIVIDAD DE LA VIDA COTIDIANA. DE COLECTIVO PADRE AUSENTE.,ENCUENTRO,CENTRO CULTURAL RECOLETA
31,2019-03-09,21:00:00,CINE,"UNA AVENTURA SIMPLE (62´) DE IGNACIO CEROI Y CATCH, EL OCASO DE LOS IDOLOS (9´) DE FELIPE BOZZANI",FUNCION,CENTRO CULTURAL RECOLETA
32,2019-03-09,19:00:00,TEATRO LAS CHICAS SE RIEN,CURADORA: MALENA GUINZBURG. VERO LORCA.,FUNCION,CENTRO CULTURAL RECOLETA
33,2019-03-10,20:00:00,CINE,"ESTILO LIBRE (65’) DE JAVIER ZEVALLOS Y JUAN ZEVALLOS. CATCH, EL OCASO DE LOS IDOLOS (9’) DE FELIPE BOZZANI",FUNCION,CENTRO CULTURAL RECOLETA
34,2019-03-10,16:30:00,HIP HOP FDL,MUJERES DEL HIP HOP CON KRIZ ALANIZ + ENTRENAMIENTOS + BATALLAS + EXHIBICIONES.,CICLO,CENTRO CULTURAL RECOLETA
35,2019-03-10,19:30:00,RECITAL CHICAS DE FUEGO.,CURADORA: ALBINA CABRERA. LA PIBA BERRETA + LAS EX + DJ MALEN DENIS.,CONCIERTO,CENTRO CULTURAL RECOLETA
36,2019-03-11,19:00:00,CINE,"SOLDADO (73’) DE MANUEL ABRAMOVICH. CATCH, EL OCASO DE LOS IDOLOS (9’) DE FELIPE BOZZANI",FUNCION,CENTRO CULTURAL RECOLETA
37,2019-03-14,20:00:00,RECITAL RADAR,SOF TOT + DAIANA LEONELLI.,CONCIERTO,CENTRO CULTURAL RECOLETA
38,2019-03-15,20:00:00,CINE MUJERES DE PELICULA,CURADORAS: EL CLUB DE LAS CINCO. LAS VIRGENES SUICIDAS DE SOFIA COPPOLA.,FUNCION,CENTRO CULTURAL RECOLETA
39,2019-03-15,19:00:00,INAUGURACION MUESTRAS DE ARTES VISUALES.PROGRAMACION MUJERES.,LA FUERZA. ARTISTA EUGENIA MELLO - SALA 6 - / A FLOR DE PIEL. CURADORA: LAURA VAZQUE HUTNIK SALA H,EXPOSICION,CENTRO CULTURAL RECOLETA
40,2019-03-16,21:00:00,CINE,"UNA AVENTURA SIMPLE (62´) DE IGNACIO CEROI Y CATCH, EL OCASO DE LOS IDOLOS (9´) DE FELIPE BOZZANI",FUNCION,CENTRO CULTURAL RECOLETA
41,2019-03-16,19:00:00,TEATRO: LAS CHICAS SE RIEN,CURADORA: MALENA GUINZBURG. NOELIA CUSTODIO.,FUNCION,CENTRO CULTURAL RECOLETA
42,2019-03-16,16:00:00,MASCARAS DE CARNAVAL,TALLER DICTADO POR RAUL MENVIELLE. VIERNES 16 DE MARZO DE 16.00 A 18.00 . $500 CON MATERIALES INCLUIDOS. ORGANIZADOS POR LA ASOCIACION AMIGOS DEL MUSEO INCRIPCION A CURSOS Y TALLERES 4803-2384/4802-9967,FORMACION,MUSEO JOSE HERNANDEZ
43,2019-03-16,19:30:00,OPERA BAJO LAS ESTRELLAS: MADAMA BUTTERFLY,"CICLO DE CONFERENCIAS LOS VIERNES DE MARZO EN EL JARDIN ANDALUZ A CARGO DE CLAUDIO MAMUD. SE ANALIZARAN LAS OPERAS DEL COMPOSITOR PUCCINI, SEGUN SU LIBRETO, MUSICA Y FUENTES. NO SE REQUIEREN CONOCIMIENTOS PREVIOS. -ACTIVIDAD ARANCELADA: $800 EL MES / $220 CADA CLASE.CUPOS LIMITADOS -INSCRIPCIONES A ASOCIACIONAMIGOSLARRETA@GMAIL.COM. PROGRAMACION: 16/3: MADAMA BUTTERFLY.",FUNCION,MUSEO DE ARTE ESPAÑOL ENRIQUE LARRETA
44,2019-03-16,21:00:00,CIRQUE DU SOLEIL AMALUNA,CIRCO,FUNCION,COSTANERA SUR
45,2019-03-17,16:30:00,"CICLO DE CINE: FATIH AKIN, IMAGENES DE MUNDO ERRANTE","CRUZANDO EL PUENTE DIRIGIDA POR FATIH AKIN (CROSSING THE BRIDGE, ALEMANIA, TURQUIA, 2005, 91MIN) CON: ALEXANDER HACKE, BABA ZULA, ORIENT EXPRESSIONS, DUMAN, ERKIN KORAY, CEZA, REPLIKAS, ISTANBUL STYLE BREAKERS, EL MUSICO ALEMAN ALEXANDER HACKE, COMPOSITOR DE LA BANDA SONORA DE LA PELICULA CONTRA LA PARED, DECIDE TRASLADARSE A ESTAMBUL, UN HERVIDERO DE ECLECTICISMO, ARTE Y MODERNIDAD. EN ESTE VIAJE ALEXANDER PRETENDE ENCONTRAR UNA FUENTE DE INSPIRACION PARA SU MUSICA Y NUEVAS PERSPECTIVAS DE VIDA. UNA VEZ ALLI, ENTRA EN CONTACTO CON UN GRUPO DE MUSICA PSICODELICA LLAMADO BABA ZULA, DEL CUAL ACABA SIENDO BAJISTA. ALEXANDER RECORRERA UN LARGO CAMINO LLENO DE NUEVAS EXPERIENCIAS Y DIFERENTES INFLUENCIAS QUE SE DEDICARA A GRABAR E INMORTALIZAR EN FORMA DE MUSICA",CICLO,MUSEO DEL CINE
46,2019-03-17,17:00:00,LA MUJER QUE CAYO EN TODAS LAS TRAMPAS,"UNIPERSONAL ESCRITO E INTERPRETADO POR SUSANA JOSEFINA BRUSSA CON DIRECCION DE EDUARDO PEAGUDA. SE ACCEDE CON LA ENTRADA DEL MUSEO. SINOPSIS: LA NECESIDAD DE ESCAPAR, DE LO QUE ES IMPOSIBLE OLVIDAR. UNA PRESENCIA NUNCA DEL TODO COMPROBADA ACECHA AFUERA, EN LA NOCHE HELADA. EL FRIO PRODUCE LA NOSTALGIA DE LAS CHIMENEAS Y LAS CONFIDENCIAS. PERO LOS UNICOS CONFIDENTES DE LOS QUE HUYEN SON LOS DESCONOCIDOS. TAMBIEN LOS ANIMALES HUYEN Y RECUERDAN, DUERMEN ENTRE IMAGENES CONFUSAS, MEZCLADAS, DE PERSEGUIDORES SIN ROSTRO.",FUNCION,CASA MUSEO FERNANDEZ BLANCO
47,2019-03-17,20:00:00,CINE,"ESTILO LIBRE (65’) DE JAVIER ZEVALLOS Y JUAN ZEVALLOS. CATCH, EL OCASO DE LOS IDOLOS (9’) DE FELIPE BOZZANI",FUNCION,CENTRO CULTURAL RECOLETA
48,2019-03-17,19:30:00,RECITAL CHICAS DE FUEGO.,CURADORA: ALBINA CABRERA. SRTA. TRUENO NEGRO + MARINA FAGES + DJ MALEN DENIS.,CONCIERTO,CENTRO CULTURAL RECOLETA
49,2019-03-17,20:00:00,HIP HOP FDL,"ENTRENAMIENTOS, BATALLAS, EXHIBICIONES",CICLO,CANCHA DE LOS PARAGUAYOS
50,2019-03-17,19:00:00,20 AÑOS DEL PARQUE DE LA MEMORIA: EL FUTURO DE LA MEMORIA,"MUESTRA REALIZADA POR MARCELO BRODSKY, GABRIELA GOLDER, EL GRUPO ETCETERA Y MARIANO SPERATTI, Y UNA RETROSPECTIVA QUE INCLUYE SU VASTO ARCHIVO SOBRE LAS VICTIMAS DEL TERRORISMO DE ESTADO EN LA ARGENTINA.",EXPOSICION,MALBA
51,2019-03-17,16:00:00,TALLER DE MANDALAS,"EN EL MARCO DEL MES DE LA MUJER, EDITH CARAVAGLIO PROPONE UNA TARDE EN EL MUSEO PARA REALIZAR MANDALAS TEJIDOS. LOS MATERIALES ESTAN INCLUIDOS EN EL TALLER.",FORMACION,MUSEO SIVORI 
52,2019-03-17,12:00:00,EL DAVID DE DONATELLO EN EL LARRETA,"EL MUSEO LARRETA INVITA A LA INAUGURACION DE LA XX EDICION DE “ESCULTURAS EN EL JARDIN”, CON 32 ESCULTORES ARGENTINOS QUE PRESENTARAN SUS OBRAS EN EL MARCO DE DICHA MUESTRA.EN ESTA MISMA OCASION, Y COMO CONTRAPUNTO, SE PRESENTARA LA ESCULTURA RENACENTISTA DAVID DE DONATELLO CUYO ORIGINAL SE ENCUENTRA EN EL MUSEO NACIONAL DEL BARGELLO EN FLORENCIA.",EXPOSICION,MUSEO DE ARTE ESPAÑOL ENRIQUE LARRETA
53,2019-03-18,14:30:00,MARZO: SERU GIRAN Y LAS CINTAS DE A78TV,"CONTINUA LA TEMPORADA 2018 DEL MUSEO DEL CINE CON EL CICLO “SERU GIRAN Y LAS CINTAS DE A78TV”, QUE SE DESARROLLARA LOS DOMINGOS DE MARZO A LAS 14.30 HS EN CAFFARENA 51, LA BOCA. EL CICLO ES PRESENTADO LUEGO DEL HALLAZGO Y RECUPERO DE LAS CINTAS POR PARTE DEL MUSEO DEL CINE PORTEÑO Y QUE FUERAN DADAS A CONOCER EN LA ULTIMA EDICION DEL BAFICI SIENDO ESTA LA ULTIMA OPORTUNIDAD PARA VERLAS EN PANTALLA GRANDE.",FUNCION,MUSEO DEL CINE
54,2019-03-18,16:30:00,"CICLO DE CINE: FATIH AKIN, IMAGENES DE MUNDO ERRANTE","KEBAB CONNECTION DIRIGIDA POR ANNO SAUL (IDEM, ALEMANIA, 2005, 96MIN) CON: TATJANA VELIMIROV, FARIH OGÜN YARDIM, ROMINA FÜTTERER, SIBEL KEKILLI, CEM AKIN, GÜVEN KIRAÇ, DENIS MOSCHITTO. IBO, UN JOVEN ALEMAN DE ORIGEN TURCO, VE PELIGRAR SU CARRERA DE DIRECTOR DE CINE CUANDO SE ENTERA DE QUE SU NOVIA DE HAMBURGO ESPERA UN HIJO DE EL. LAS PEQUEÑAS CATASTROFES SEÑALAN LOS POTENCIALES PELIGROS QUE VIVEN LOS PERSONAJES, QUE SALEN ILESOS SOLO GRACIAS AL HECHO DE QUE SE TRATA DE UNA COMEDIA. CON GUION DE RUTH TOMA, JAN BERGER, ANNO SAUL Y FATIH AKIN.",FUNCION,MUSEO DEL CINE
55,2019-03-18,19:00:00,CINE,"SOLDADO (73’) DE MANUEL ABRAMOVICH. CATCH, EL OCASO DE LOS IDOLOS (9’) DE FELIPE BOZZANI",FUNCION,CENTRO CULTURAL RECOLETA
56,2019-03-18,10:00:00,TALLER DE ALFARERIA PRECOLOMBINA: CHANA,"ARMADO DE HORNO, TECNICAS PARA REALIZAR UNA VASIJA. ARANCELADO",FORMACION,MUSEO JOSE HERNANDEZ
57,2019-03-18,10:00:00,PINTURA AL AIRE LIBRE,"EN EL MARCO DEL MES DE LA MUJER INVITAMOS A UNA JORNADA DE PINTURA EN LOS JARDINES DEL MUSEO, A CARGO DE PAOLA NIEVAS, DESDELAS 10 HASTA LAS 20 HORAS. NO INCLUYE MATERIALES.",FORMACION,MUSEO SIVORI 
58,2019-03-19,11:00:00,TALLER DE TANGO,TALLER ANUAL ORIENTADO PRINCIPALMENTE A PERSONAS ADULTAS. SU OBJETIVO PRINCIPAL ES DESARROLLAR EN LOS DISTINTOS BARRIOS LAS CAPACIDADES Y LOS TALENTOS DE LOS ALUMNOS A TRAVES DEL TANGO Y LA DANZA.,FORMACION,CENTRO WARMIS
59,2019-03-19,10:00:00,DIA DEL ARTESANO,JORNADA DE ENCUENTRO Y REFLEXION EN EL DIA DEL ARTESANO.ACTIVIDAD ARANCELADA. CUPOS LIMITADOS,ENCUENTRO,MUSEO JOSE HERNANDEZ
60,2019-03-20,20:00:00,TRES HERMANAS,"OPERA: TRES HERMANAS. OPERA EN TRES SECUENCIAS (1997). LIBRETO DE PETER EOTVOS Y CLAUS HENNEBERG, BASADO EN TRES HERMANAS, DE ANTON CHEJOV. OBRA EN LA QUE EL TIEMPO, LA IRONIA Y EL RETRATO PSICOLOGICO ATRAVIESAN UN INTENSO PAISAJE SONORO. LAS “TRES HERMANAS” SE CORPORIZARAN AQUI A LO LARGO DE TRES SECUENCIAS DRAMATICAS QUE RESIGNIFICAN ASI UNA DE LAS OBRAS CUMBRES DEL TEATRO UNIVERSAL. DIRECTOR MUSICAL INVITADO: CHRISTIAN SCHUMANN.",FUNCION,TEATRO COLON 
61,2019-03-20,20:00:00,RECITAL RADAR,SOF TOT + DAIANA LEONELLI.,CONCIERTO,CANCHA DE LOS PARAGUAYOS
62,2019-03-20,17:00:00,¿QUE ME DECIAS?,"EN EL MARCO DEL MES DE LA MUJER, DURANTE LAS VISITAS GUIADAS CLARA VACCARONE DIALOGA CON ARTISTAS MUJERES DEL SALON BELGRANO EN SU EDICION NUMERO 61.",VISITA,MUSEO SIVORI 
63,2019-03-20,11:00:00,INSCRIPCION A LOS TALLERES DE ARTE EXPERIMENTAL Y DE BORDADO EXPERIMENTAL,"GRATUITOS INSCRIPCION: MARTES 20 DE MARZO, 11 A 14 H, EN AV INFANTA ISABEL 555 CONSULTAS: VIVAESTAMPA1@GMAIL.COM. EL TALLER SOCIAL DE ARTE EXPERIMENTAL ES UN ESPACIO PARA EXPERIMENTAR Y DESCUBRIR A TRAVES DEL ARTE. EL TALLER DE INTERVENCION SOBRE LA MEMORIA DE LOS OBJETOS ES UN PROYECTO ARTISTICO COLECTIVO DE PRODUCCION A TRAVES DEL BORDADO EXPERIMENTAL. AMBOS ESPACIOS ABARCAN DESARROLLO PERSONAL, EL INTERCAMBIO GRUPAL Y LA CONSTRUCCION Y DECONSTRUCCION DE CONCEPTOS QUE SE PLASMAN EN ACCIONES VISUALES EN ESPACIOS PUBLICOS, Y COMPRENDEN CHARLAS TEMATICAS Y VISITAS A EXPOSICIONES. TODO ELLO MOVILIZA INTERCAMBIOS SOCIALES Y LA CONFORMACION DE DISTINTAS TAREAS A LAS QUE CADA INTEGRANTE SE VA SUMANDO CON LIBERTAD Y AL MISMO TIEMPO RESPONSABILIDAD RESPECTO DE LA ELECCION Y EL DESARROLLO DE SU HACER.",FORMACION,MUSEO SIVORI 
64,2019-03-21,20:30:00,"LAS AMARGAS LAGRIMAS DE PETRA VON KANT, DE R. M. FASSBINDER","ESTA PIEZA DE FASSBINDER RECREA UN MUNDO EN EL CUAL SE DESARROLLAN LAS EMOCIONES HUMANAS Y DONDE EL DRAMA SURGE DE LAS TENSIONES PROVOCADAS POR EL ANSIA DE POSEER. CON MURIEL SANTA ANA, BELEN BLANCO, MARITA BALLESTEROS, DOLORES OCAMPO, MIRIAM ODORICO Y VICTORIA GIL GAERTNER. DIRIGE LEONOR MANSO.",FUNCION,TEATRO SAN MARTIN
65,2019-03-21,14:00:00,AYRES DE ARTE: UN NUEVO PRODUCTO CULTURAL EN LA CIUDAD,"VISITA GUIADA RECORRIENDO LOS ALREDEDORES DEL MUSEO DE ARTE HISPANOAMERICANO “ISAAC FERNANDEZ BLANCO” Y SUS JARDINES, CON ACCESO A LAS SALAS DE EXHIBICION. LA AMPLIA CURVA QUE DESCRIBE LA CALLE ARROYO ES UNO DE LOS RINCONES MAS EXCLUSIVOS DE LA CIUDAD Y UNA CITA OBLIGADA PARA LOS AMANTES DEL ARTE, EL DISEÑO Y LA CULTURA DE BUENOS AIRES. ESTE SERVICIO TURISTICO, ORGANIZADO POR EL MUSEO DE ARTE HISPANOAMERICANO ISAAC FERNANDEZ BLANCO SE PRESTARA LOS DIAS MIERCOLES A LAS 14 HS. LA ENTRADA AL MUSEO ES LIBRE Y GRATUITA.VISITA GUIADA: $40.-(SIR) BOLETERIA DEL MUSEO",VISITA,MUSEO DE ARTE HISPANOAMERICANO ISAAC FERNANDEZ BLANCO
66,2019-03-21,20:00:00,RECITAL RADAR,IGNACIA + FENNA FREI,CONCIERTO,CENTRO CULTURAL RECOLETA
67,2019-03-21,20:30:00,ENTRAMADOS. PAULA FRONDIZI Y VERONICA MUÑOZ,"ENTRAMADOS, ES UN CICLO MUSICAL PRODUCIDO POR COMUNIDAD DE ARTISTAS, CON EL APOYO DE MECENAZGO CULTURAL DE LA CIUDAD DE BUENOS AIRES, EN EL QUE DISTINTAS AGRUPACIONES Y DISTINTOS GENEROS SE UNEN, PARA ACERCAR UNA INTERESANTE Y VARIADA PROPUESTA DE MANERA COMPLETAMENTE GRATUITA A TODO EL PUBLICO AMANTE DE LA MUSICA.",CONCIERTO,CENTRO CULTURAL 25 DE MAYO
68,2019-03-21,17:00:00,¿QUE ME DECIAS?,"EN EL MARCO DEL MES DE LA MUJER, DURANTE LAS VISITAS GUIADAS CLARA VACCARONE DIALOGA CON ARTISTAS MUJERES DEL SALON BELGRANO EN SU EDICION NUMERO 61.",VISITA,MUSEO SIVORI 
69,2019-03-21,20:00:00,VISITAS NOCTURNAS AL JARDIN ANDALUZ,"TE INVITAMOS A RECORRER EL JARDIN QUE DUERME CON UN ENCANTO ESPECIAL: EN LA NOCTURNIDAD DE LA CIUDAD DE BUENOS AIRES.ESTAS VISITAS, COORDINADAS POR EL AREA EDUCATIVA Y EL AREA DE JARDINERIA, APELAN A LA EXALTACION DE LOS SENTIDOS EN LA PENUMBRA DEL JARDIN, MIENTRAS SE SABOREA UNA COPA DE VINO JUNTO CON MUSICOS INVITADOS. RESERVA PREVIA A: LARRETAEDUCACION@GMAIL.COM. ENTRADA: $30",VISITA,MUSEO DE ARTE ESPAÑOL ENRIQUE LARRETA
70,2019-03-22,09:00:00,USINA DIDACTICA,"EXPERIENCIA DE 2 HS EN LA USINA QUE CONSISTEN EN UNA VISITA GUIADA BRINDADA POR UN EDUCADOR, Y UN TALLER EXPRESS DE FOTOPERIODISMO CON CELULAR QUE UTILIZA COMO DISPARADOR A LA USINA Y SU RECORRIDO.",VISITA,USINA DEL ARTE
71,2019-03-22,20:30:00,"EL REÑIDERO, BALLET CONTEMPORANEO DEL TEATRO SAN MARTIN","ALEJANDRO CERVERA ESTRENA CON EL BALLET CONTEMPORANEO UNA VERSION COREOGRAFICA DE LA RENOMBRADA PIEZA DE SERGIO DE CECCO, RELECTURA DE LA ELECTRA DE SOFOCLES SITUADA EN LOS ARRABALES PORTEÑOS DE PRINCIPIOS DEL SIGLO XX.",FUNCION,TEATRO SAN MARTIN
72,2019-03-22,20:30:00,"LAS AMARGAS LAGRIMAS DE PETRA VON KANT, DE R. M. FASSBINDER","ESTA PIEZA DE FASSBINDER RECREA UN MUNDO EN EL CUAL SE DESARROLLAN LAS EMOCIONES HUMANAS Y DONDE EL DRAMA SURGE DE LAS TENSIONES PROVOCADAS POR EL ANSIA DE POSEER. CON MURIEL SANTA ANA, BELEN BLANCO, MARITA BALLESTEROS, DOLORES OCAMPO, MIRIAM ODORICO Y VICTORIA GIL GAERTNER. DIRIGE LEONOR MANSO.",FUNCION,TEATRO SAN MARTIN
73,2019-03-22,20:00:00,"EL CASAMIENTO, DE WITOLD GOMBROWICZ","EL DIRECTOR POLACO MICHAL ZNANIECKI MONTO UNA VERSION SORPRENDENTE DE ESTA PIEZA MITICA, CON UN ELENCO ENCABEZADO POR LUIS ZIEMBROWSKI, ROBERTO CARNAGHI, LAURA NOVOA, NACHO GADANO Y FEDERICO LISS.",FUNCION,TEATRO SAN MARTIN
74,2019-03-22,20:00:00,ORQUESTA FILARMONICA DE BUENOS AIRES,"JOHANNES BRAHMS: CONCIERTO N°1 PARA PIANO EN RE MENOR OP. 15. RICHARD STRAUSS: MUERTE Y TRANSFIGURACION, OP. 24 SUITE DE “EL CABALLERO DE LA ROSA”. DIRECTOR: ENRIQUE ARTURO DIEMECKE PIANO: HOMERO FRANCESCH",CONCIERTO,TEATRO COLON 
75,2019-03-22,17:30:00,TALLER DE INICIACION A LA ESCRITURA PARA CUENTO Y NOVELA,"DURACION: ANUAL. A CARGO DEL LIC. PABLO GAIANO DIA: JUEVES DE 17.30 A 19 HORAS. COMIENZO: 22 DE MARZO DE 2018. MATRICULA $200 GCBA - ARANCEL $300 MENSUALES - PAGO DE ARANCELES: BOLETERIA DEL MUSEO (SIR). REQUISITOS PARA ANOTARSE. SER MAYOR DE 18 AÑOS Y TENER EL SECUNDARIO EN CASTELLANO APROBADO. INSCRIPCION: TEL: 4327-0228 INTERNO 209 Y AL MAIL LITERATURACIUDAD@YAHOO.COM.AR. CON NOMBRE COMPLETO, MAIL, TEL., EDAD Y ESTUDIOS CURSADOS.",FORMACION,MUSEO DE ARTE HISPANOAMERICANO ISAAC FERNANDEZ BLANCO
76,2019-03-22,20:00:00,CINE: MUJERES DE PELICULA,SITA SINGS THE BLUES DE NINA PALEY. CURADORAS: EL CLUB DE LAS CINCO.,FUNCION,CENTRO CULTURAL RECOLETA
77,2019-03-22,19:00:00,INAUGURACION MUESTRAS DE ARTES VISUALES.PROGRAMACION MUJERES / RADAR VISUALES - CIERRE: 29 DE ABRIL,"LA BUSQUEDA DE LO IMPOSIBLE, ARTISTAS: DAMIAN CRUBELLATI + ADRIANA PAIVA + FLORENCIA BOHTLINGK - SALA 3 - / METEORA. ARTISTA: FABIAN BERCIC - SALA 4 - / AUTOGESTION DEL CARIÑO. ARTISTA: JAZMIN GIORDANO, CURADORA: CARMEN FERREYRA - SALA 5 - /TODO EN EL EXTERIOR FLOTA. ARTISTA: LUCIA DELFINO. SALA 7 / NADA HA PASADO PERO TODO HA CAMBIADO. ARTISTAS: FLORENCIA CAIAZZA + IUMI KATAOKA. CURADORA: BENEDETTA CASINI SALA 8",EXPOSICION,CENTRO CULTURAL RECOLETA
78,2019-03-22,19:00:00,DAVID LAMELAS: CON VIDA PROPIA,"MALBA PRESENTA CON VIDA PROPIA, UNA EXPOSICION MONOGRAFICA DEL ARTISTA ARGENTINO DAVID LAMELAS (BUENOS AIRES, 1946), UN PIONERO DEL ARTE CONCEPTUAL Y UNO DE LOS GRANDES PROTAGONISTAS DE LA ESCENA ARTISTICA ARGENTINA EN LA DECADA DEL SESENTA.",FUNCION,MALBA
79,2019-03-22,20:30:00,"DULCE PAJARO DE JUVENTUD, DE TENNESSEE WILLIAMS","DULCE PAJARO DE JUVENTUD DE TENNESSEE WILLIAMS Y DIRIGIDA POR OSCAR BARNEY FINN. CON LAS ACTUACIONES DE BEATRIZ SPELZINI, SERGIO SURRACO, CARLOS KASPAR, MALENA FIGO, VICTORIO D'ALESSANDRO, PABLO MARIUZZI, MABY SALERNO, PABLO FLORES MAINI, GASTON ARES, SEBASTIAN DARTAYETTE Y PABLO VIOTTI EN EL PIANO.",FUNCION,CENTRO CULTURAL 25 DE MAYO
80,2019-03-22,10:00:00,TALLER SOCIAL DE ARTE EXPERIMENTAL,"CURSADA: JUEVES, DE 10 A 13 H. INICIO: JUEVES 22 DE MARZO (DURACION: ANUAL). CONSULTAS: VIVAESTAMPA1@GMAIL.COM. EL TALLER SOCIAL DE ARTE EXPERIMENTAL ES UN ESPACIO PARA EXPERIMENTAR Y DESCUBRIR A TRAVES DEL ARTE. ALLI SE TRABAJA A PARTIR DE DISTINTAS DISCIPLINAS ARTISTICAS EN EL DESARROLLO DE PROYECTOS DE OBRA, TOMANDO COMO EJE LA ESTIMULACION Y LA EXPERIMENTACION, EL JUEGO, LA CAPACITACION TECNICA, LA REFLEXION Y EL DESARROLLO SUBJETIVO.",FORMACION,MUSEO SIVORI 
81,2019-03-22,16:00:00,UNA MIRADA A LA CONSERVACION,"EN EL MARCO DEL MES DE LA MUJER, PROFESIONALES MUJERES DEL MUSEO TE CUENTAN Y TE MUESTRAN LOS DESAFIOS DE CONSERVACION QUE PRESENTAN LAS OBRAS ADQUIRIDAS EN LA EDICION 61 SALON BELGRANO VISITA A CARGO DE SILVINA ECHEVESTE",FORMACION,MUSEO SIVORI 
82,2019-03-23,14:00:00,USINA DIDACTICA,"EXPERIENCIA DE 2 HS EN LA USINA QUE CONSISTEN EN UNA VISITA GUIADA BRINDADA POR UN EDUCADOR, Y UN TALLER EXPRESS DE HISTORIETA QUE UTILIZA COMO DISPARADOR A LA USINA Y SU RECORRIDO.",VISITA,USINA DEL ARTE
83,2019-03-23,21:00:00,ORQUESTA DE TANGO DE LA CIUDAD,SALIDA CULTURAL DE LA LINA DE FORMACION DE PUBLICOS.,CONCIERTO,USINA DEL ARTE
84,2019-03-23,20:00:00,"EL CASAMIENTO, DE WITOLD GOMBROWICZ","EL DIRECTOR POLACO MICHAL ZNANIECKI MONTO UNA VERSION SORPRENDENTE DE ESTA PIEZA MITICA, CON UN ELENCO ENCABEZADO POR LUIS ZIEMBROWSKI, ROBERTO CARNAGHI, LAURA NOVOA, NACHO GADANO Y FEDERICO LISS.",FUNCION,TEATRO SAN MARTIN
85,2019-03-23,20:30:00,"EL REÑIDERO, BALLET CONTEMPORANEO DEL TEATRO SAN MARTIN","ALEJANDRO CERVERA ESTRENA CON EL BALLET CONTEMPORANEO UNA VERSION COREOGRAFICA DE LA RENOMBRADA PIEZA DE SERGIO DE CECCO, RELECTURA DE LA ELECTRA DE SOFOCLES SITUADA EN LOS ARRABALES PORTEÑOS DE PRINCIPIOS DEL SIGLO XX.",FUNCION,TEATRO SAN MARTIN
86,2019-03-23,20:30:00,"LAS AMARGAS LAGRIMAS DE PETRA VON KANT, DE R. M. FASSBINDER","ESTA PIEZA DE FASSBINDER RECREA UN MUNDO EN EL CUAL SE DESARROLLAN LAS EMOCIONES HUMANAS Y DONDE EL DRAMA SURGE DE LAS TENSIONES PROVOCADAS POR EL ANSIA DE POSEER. CON MURIEL SANTA ANA, BELEN BLANCO, MARITA BALLESTEROS, DOLORES OCAMPO, MIRIAM ODORICO Y VICTORIA GIL GAERTNER. DIRIGE LEONOR MANSO.",FUNCION,TEATRO SAN MARTIN
87,2019-03-23,21:00:00,CINE,"UNA AVENTURA SIMPLE (62´) DE IGNACIO CEROI Y CATCH, EL OCASO DE LOS IDOLOS (9´) DE FELIPE BOZZANI",FUNCION,CENTRO CULTURAL RECOLETA
88,2019-03-23,19:00:00,TEATRO LAS CHICAS SE RIEN,CURADORA: MALENA GUINZBURG. CONNIE BALLARINI .,FUNCION,CENTRO CULTURAL RECOLETA
89,2019-03-23,20:30:00,"DULCE PAJARO DE JUVENTUD, DE TENNESSEE WILLIAMS","DULCE PAJARO DE JUVENTUD DE TENNESSEE WILLIAMS Y DIRIGIDA POR OSCAR BARNEY FINN. CON LAS ACTUACIONES DE BEATRIZ SPELZINI, SERGIO SURRACO, CARLOS KASPAR, MALENA FIGO, VICTORIO D'ALESSANDRO, PABLO MARIUZZI, MABY SALERNO, PABLO FLORES MAINI, GASTON ARES, SEBASTIAN DARTAYETTE Y PABLO VIOTTI EN EL PIANO.",FUNCION,CENTRO CULTURAL 25 DE MAYO
90,2019-03-23,16:00:00,GUALICHO,"ESPECTACULO QUE COMBINA TEATRO, MAGIA E ILUSIONISMO A CARGO DE EMANUEL ZALDUA.",FUNCION,CENTRO CULTURAL 25 DE MAYO
91,2019-03-23,19:30:00,OPERA BAJO LAS ESTRELLAS: TURANDOT,"CICLO DE CONFERENCIAS LOS VIERNES DE MARZO EN EL JARDIN ANDALUZ A CARGO DE CLAUDIO MAMUD. SE ANALIZARAN LAS OPERAS DEL COMPOSITOR PUCCINI, SEGUN SU LIBRETO, MUSICA Y FUENTES. NO SE REQUIEREN CONOCIMIENTOS PREVIOS. -ACTIVIDAD ARANCELADA: $800 EL MES / $220 CADA CLASE.CUPOS LIMITADOS-INSCRIPCIONES A ASOCIACIONAMIGOSLARRETA@GMAIL.COM PROGRAMACION: 23/3: TURANDOT",FORMACION,MUSEO DE ARTE ESPAÑOL ENRIQUE LARRETA
92,2019-03-24,16:30:00,"CICLO DE CINE: FATIH AKIN, IMAGENES DE MUNDO ERRANTE","AL OTRO LADO DIRIGIDA POR FATIH AKIN (AUF DER ANDEREN SEITE, ALEMANIA, TURQUIA, ITALIA, 2007, 122MIN) CON: NURGÜL YESILÇAY, BAKI DAVRAK, TUNCEL KURTIZ, HANNA SCHYGULLA, PATRYCIA ZIOLKOWSKA Y NURSEL KÖSE ALI AKSU ES UN ANCIANO TURCO INSTALADO EN ALEMANIA. TRAS VISITAR EN DIVERSAS OCASIONES A UNA PROSTITUTA TAMBIEN TURCA, YETER, LE PROPONE QUE ABANDONE LA PROSTITUCION Y SE VAYA A VIVIR CON EL, PROMETIENDOLE QUE LE PAGARA LO MISMO QUE GANA ALLI. ELLA ACEPTA TRAS SER AMENAZADA POR UNOS INTEGRISTAS ISLAMICOS TURCOS, QUE LA AMENAZAN CON MATARLA SI NO DEJA DE PROSTITUIRSE. EN CASA DE ALI CONOCE A NEJAT, SU HIJO, PROFESOR DE LITERATURA EN LA UNIVERSIDAD DE HAMBURGO. ESA MISMA NOCHE, ALI SUFRE UN INFARTO.",CICLO,MUSEO DEL CINE
93,2019-03-24,15:00:00,LA MAR EN COCHE,CICLO INFANTIL DE CONCIERTOS.,CONCIERTO,USINA DEL ARTE
94,2019-03-24,20:00:00,CINE,"ESTILO LIBRE (65’) DE JAVIER ZEVALLOS Y JUAN ZEVALLOS. CATCH, EL OCASO DE LOS IDOLOS (9’) DE FELIPE BOZZANI",FUNCION,CENTRO CULTURAL RECOLETA
95,2019-03-24,19:30:00,RECITAL CHICAS DE FUEGO.,CURADORA: ALBINA CABRERA. LAS LIGAS MENORES + ROSARIO BLEFARI Y SU BANDA + DJ MALEN DENIS.,CONCIERTO,CENTRO CULTURAL RECOLETA
96,2019-03-24,20:00:00,HIP HOP FDL,ENTRENAMIENTOS + BATALLAS + EXHIBICIONES.,CICLO,CANCHA DE LOS PARAGUAYOS
97,2019-03-24,20:30:00,"DULCE PAJARO DE JUVENTUD, DE TENNESSEE WILLIAMS","DULCE PAJARO DE JUVENTUD DE TENNESSEE WILLIAMS Y DIRIGIDA POR OSCAR BARNEY FINN. CON LAS ACTUACIONES DE BEATRIZ SPELZINI, SERGIO SURRACO, CARLOS KASPAR, MALENA FIGO, VICTORIO D'ALESSANDRO, PABLO MARIUZZI, MABY SALERNO, PABLO FLORES MAINI, GASTON ARES, SEBASTIAN DARTAYETTE Y PABLO VIOTTI EN EL PIANO.",FUNCION,CENTRO CULTURAL 25 DE MAYO
98,2019-03-24,16:00:00,CACTUS ORQUIDEA,"“CACTUS ORQUIDEA” DEL GRUPO DE INVESTIGACION TEATRAL ENSAMBLE ORGANICO, CON DRAMATURGIA Y DIRECCION DE CECILIA MEIJIDE. ACTUAN NACHO BOZZOLO, NACHO CIATTI, LAILA DUSCHATZKY, MARIA ESTANCIERO, GASTON FILGUEIRA ORIA",FUNCION,CENTRO CULTURAL 25 DE MAYO
99,2019-03-25,18:00:00,SPACE COWBOYS (2000),CICLO CLINT EASTWOOD,FUNCION,CENTRO CULTURAL SAN MARTIN
100,2019-03-25,20:00:00,"EL CASAMIENTO, DE WITOLD GOMBROWICZ","EL DIRECTOR POLACO MICHAL ZNANIECKI MONTO UNA VERSION SORPRENDENTE DE ESTA PIEZA MITICA, CON UN ELENCO ENCABEZADO POR LUIS ZIEMBROWSKI, ROBERTO CARNAGHI, LAURA NOVOA, NACHO GADANO Y FEDERICO LISS.",FUNCION,TEATRO SAN MARTIN
101,2019-03-25,20:30:00,"EL REÑIDERO, BALLET CONTEMPORANEO DEL TEATRO SAN MARTIN","ALEJANDRO CERVERA ESTRENA CON EL BALLET CONTEMPORANEO UNA VERSION COREOGRAFICA DE LA RENOMBRADA PIEZA DE SERGIO DE CECCO, RELECTURA DE LA ELECTRA DE SOFOCLES SITUADA EN LOS ARRABALES PORTEÑOS DE PRINCIPIOS DEL SIGLO XX.",FUNCION,TEATRO SAN MARTIN
102,2019-03-25,20:30:00,"LAS AMARGAS LAGRIMAS DE PETRA VON KANT, DE R. M. FASSBINDER","ESTA PIEZA DE FASSBINDER RECREA UN MUNDO EN EL CUAL SE DESARROLLAN LAS EMOCIONES HUMANAS Y DONDE EL DRAMA SURGE DE LAS TENSIONES PROVOCADAS POR EL ANSIA DE POSEER. CON MURIEL SANTA ANA, BELEN BLANCO, MARITA BALLESTEROS, DOLORES OCAMPO, MIRIAM ODORICO Y VICTORIA GIL GAERTNER. DIRIGE LEONOR MANSO.",FUNCION,TEATRO SAN MARTIN
103,2019-03-25,19:30:00,HAB 704: 4 UNICAS FUNCIONES,ESPECTACULO MUSICAL LIRICO MULTIDISCIPLINARIO QUE RECREA EL VIAJE DE FEDERICO GARCIA LORCA A BUENOS AIRES EN EL AÑO 1933. EL ESPECTADOR TIENE LA POSIBILIDAD DE RECORRER EL MUSEO Y ELEGIR QUE CONTINUAR VIENDO. A BENEFICIO DE AMIFEB / ASOCIACION DE AMIGOS MUSEO FERNANDEZ BLANCO. ENTRADA GENERAL AL MUSEO $30. ACCESO AL ESPECTACULO CON BONO CONTRIBUCION AMIFEB: $170. SALA REFRIGERADA. NO SE SUSPENDE POR LLUVIA.,FUNCION,MUSEO DE ARTE HISPANOAMERICANO ISAAC FERNANDEZ BLANCO
104,2019-03-25,14:30:00,MARZO: SERU GIRAN Y LAS CINTAS DE A78TV,"CONTINUA LA TEMPORADA 2018 DEL MUSEO DEL CINE CON EL CICLO “SERU GIRAN Y LAS CINTAS DE A78TV”, QUE SE DESARROLLARA LOS DOMINGOS DE MARZO A LAS 14.30 HS EN CAFFARENA 51, LA BOCA. EL CICLO ES PRESENTADO LUEGO DEL HALLAZGO Y RECUPERO DE LAS CINTAS POR PARTE DEL MUSEO DEL CINE PORTEÑO Y QUE FUERAN DADAS A CONOCER EN LA ULTIMA EDICION DEL BAFICI SIENDO ESTA LA ULTIMA OPORTUNIDAD PARA VERLAS EN PANTALLA GRANDE.",FUNCION,MUSEO DE ARTE HISPANOAMERICANO ISAAC FERNANDEZ BLANCO
105,2019-03-25,19:00:00,CINE,"SOLDADO (73’) DE MANUEL ABRAMOVICH. CATCH, EL OCASO DE LOS IDOLOS (9’) DE FELIPE BOZZANI",FUNCION,CENTRO CULTURAL RECOLETA
106,2019-03-25,15:00:00,DOMINGOS CLAVE,"MUESTRA EFIMERA. MUJERES X MUJERES, SELECCIONADAS CLAVE CATEGORIA FOTOGRAFIA.",EXPOSICION,CENTRO CULTURAL RECOLETA
107,2019-03-25,15:00:00,DOMINGOS CLAVE,DANZA. CHARLA + TALLERES + IMPROS + JAM DE BAILE + DEMO,FORMACION,CENTRO CULTURAL RECOLETA
